{"cameraMode":{"drawMode":0,"name":"Shaded","section":"Shading Mode"},"sceneLighting":false,"audioPlay":false,"sceneViewState":{"m_AlwaysRefresh":false,"showFog":true,"showSkybox":true,"showFlares":true,"showImageEffects":true,"showParticleSystems":true,"showVisualEffectGraphs":true,"m_FxEnabled":true},"in2DMode":false,"pivot":{"x":12.783390045166016,"y":7.8604326248168949,"z":-8.56010627746582},"rotation":{"x":-0.004224523901939392,"y":0.9936586022377014,"z":-0.10503033548593521,"w":-0.03996529057621956},"size":14.860950469970704,"orthographic":false}